<?xml version="1.0" encoding="UTF-8"?>
<plugin_manifest xmlns="http://www.elgg.org/plugin_manifest/1.8">
	<name>Events</name>
	<author>Sadanandan @ Team Webgalli</author>
	<version>1.0</version>
	<category>Team Webgalli</category>
	<category>content</category>
	<category>widget</category>
	<blurb>Event Management System.</blurb>
	<description>Event Management System.</description>
	<website>http://www.webgalli.com/</website>
	<copyright>(C) Team Webgalli 2013</copyright>
	<license>GNU General Public License version 2</license>
	<requires>
		<type>elgg_release</type>
		<version>1.8</version>
	</requires>
	<requires>
		<type>plugin</type>
		<name>causes</name>
		<version>1.0</version>
	</requires>
	<requires>
		<type>plugin</type>
		<name>groups</name>
		<version>1.8</version>
	</requires>
</plugin_manifest>